open,high,low,close
12.14,13.56,14.5,11.4
14.14,14.99,13.58,13.92
13.3,15.64,13.13,14.33
11.86,14.23,11.8,13.24
12.63,12.65,11.23,11.89
10.24,12.73,10.2,12.66
10.27,10.38,9.82,10.24
10.6,10.67,10.25,10.26
10.87,10.94,10.62,10.62
10.84,10.97,10.8,10.87
10.59,11.2,10.59,10.86
10.4,10.68,10.29,10.55
10.49,10.56,10.32,10.38
10.62,10.72,10.46,10.5
10.58,10.75,10.3,10.63
10.28,10.99,10,10.6
10.82,10.82,9.97,10.28
10.93,11.25,10.72,10.83
11.21,11.31,10.79,10.92
11.36,11.51,11.22,11.22
11.52,11.61,11.29,11.34
11.92,11.92,10.81,11.53
11.9,12.47,11.74,11.92
11.95,12.1,11.83,11.89
12.24,12.66,11.6,11.95
12.2,12.54,12.06,12.26
12,12.47,11.66,12.18
11.51,12.09,11.41,11.96
11.55,11.59,11.41,11.49
11.49,11.66,11.35,11.54
12.12,12.13,11.24,11.5
12.28,12.45,12.1,12.12
12.32,12.32,12.09,12.28
11.94,12.4,11.94,12.34
11.97,12.05,11.62,11.95
12.38,12.4,11.95,11.97
12.47,12.49,11.77,12.41
12.74,12.87,12.38,12.44
12.98,13.01,12.63,12.74
12.51,13.15,12.51,12.98
12.77,13.25,12.04,12.52
12.63,13.68,12.27,12.73
11.23,12.86,11.2,12.65
10.87,11.96,10.71,11.24
10.41,10.98,10.41,10.86
10.61,10.71,10.35,10.44
10.21,10.77,10.12,10.61
10.1,10.53,9.93,10.26
11.21,11.24,10.02,10.07
11.44,11.56,11.18,11.25
11.83,11.93,11.13,11.48
10.01,11.81,10.01,11.79
9.92,10.21,9.46,10.02
10.24,11.19,9.62,9.93
9.09,11.2,7.67,10.24
14.05,14.24,9,9.13
14.45,14.45,13.67,14.11
14.67,15.65,14.28,14.44
13.62,14.83,13.53,14.61
14.84,14.86,12.43,13.66
15.14,15.68,14.57,14.89
17.86,18.09,14.7,15.2
19.01,19.01,17.64,17.81
16.59,19.02,16.59,19.02
15.82,16.85,14.3,16.58
18.54,18.71,15.37,15.84
20.18,20.47,18.07,18.57
22.04,23.68,18.18,20.08
16.4,22.45,16.32,21.94
15.68,16.47,15.66,16.38
15.8,16.06,15.48,15.66
15.79,15.99,15.72,15.79
16.09,16.46,15.65,15.79
15.27,16.37,15.26,16.02
15.28,15.32,15.11,15.29
15.13,15.42,15.09,15.28
15.36,15.99,15.1,15.14
14.47,17.03,14.33,15.29
14.57,14.97,13.75,14.39
13.89,15.04,13.86,14.56
13.68,14.11,13.6,13.89
13.86,14.07,13.46,13.7
13.89,14.42,13.74,13.81
14.23,14.34,13.85,13.93
13.69,14.66,13.52,14.19
14.07,14.09,13.53,13.69
14.29,14.54,14.05,14.08
14.78,14.8,14.09,14.3
15.18,15.28,14.76,14.81
15.16,15.47,15.04,15.17
15.4,15.58,15.19,15.19
15.87,16.25,15.22,15.38
15.3,15.95,15.23,15.88
15.33,15.48,15.17,15.31
15.96,16.34,15.35,15.35
15.03,15.93,14.98,15.93
15.37,15.45,14.94,15.04
14.76,15.48,14.58,15.37
14.6,15.11,14.41,14.77
14.02,14.7,13.85,14.57
13.78,14.14,13.55,14
14.33,14.41,13.76,13.81
14.16,14.47,13.48,14.4
14.65,14.75,14.04,14.16
14.81,14.83,14.6,14.66
14.86,15.08,14.22,14.77
15.89,15.93,14.49,14.92
15.84,16.02,15.56,15.88
16.52,16.62,15.37,15.78
16.11,16.58,16.06,16.51
16.12,16.86,15.75,16.14
14.95,16.06,14.95,16.06
16.43,16.45,14.57,14.83
15.51,17.06,14.79,16.4
14.4,15.69,13.8,15.5
14.71,15.36,12.25,14.18
17.6,17.6,14.38,14.77
18.41,18.6,16.85,17.55
20.05,20.72,17.36,18.36
14.69,20.42,14.23,19.94
15.22,16.03,13.17,14.72
16.24,17.49,14.43,15.48
16.97,17.45,16.26,16.26
16.74,16.99,15.38,16.99
17.96,18.17,16.68,16.75
17.77,18.18,17.5,17.91
18.05,18.05,17.39,17.77
17.84,18.59,17.84,18.05
17.91,18.32,17.53,17.85
17.74,18.12,16.97,17.91
18.75,18.79,17.51,17.81
18.6,19.81,18.6,18.92
19.62,19.66,18.33,18.66
19.16,19.84,18.07,19.65
19.68,20.24,16.56,19.14
21.53,22.47,17.7,19.58
20.14,23.86,19.45,21.42
21.36,21.38,20.12,20.19
20.8,21.56,20.61,21.34
20.76,21.05,20.28,20.79
21.69,21.91,19.84,20.7
23.02,23.04,21.42,21.68
22.05,23.66,21.97,22.95
23.03,24.62,21.73,22.07
18.38,24,18.33,23.27
18.33,18.56,17.59,18.4
18.86,18.93,16.1,18.36
20.76,21.06,18.12,18.84
20.26,21.02,19.8,20.74
21.57,22.94,18.02,20.33
19.5,22.15,18.16,21.57
17.45,19.66,17.43,19.66
17.54,17.66,17.33,17.45
17.53,17.78,17.17,17.54
17.5,18.38,17.01,17.51
17.35,17.83,16.78,17.49
17.43,17.43,16.9,17.31
16.36,17.55,16.09,17.48
17.39,17.53,16.14,16.26
16.84,17.51,16.84,17.38
17.62,17.94,16.63,16.83
18.74,18.74,16.68,17.68
17.13,18.86,16.88,18.54
16.23,17.42,15.24,17.1
16.56,17.36,14.1,16.13
13.96,16.26,10.58,16.26
16.52,17.99,13.17,14.26
19.22,22.35,15.76,16.35
12.02,21.3,11.9,18.87
9.97,11.94,9.84,11.94
9,11,8.94,9.9
7.39,9.4,7.37,9.4
7.99,8.21,7.41,7.41
6.72,8.22,6.62,7.99
5.92,6.76,5.89,6.73
6.24,6.28,5.74,5.93
6.39,6.51,6.03,6.26
6.83,6.83,6.36,6.41
6.17,7.08,6.17,6.83
6.33,6.37,6.01,6.14
6.48,6.67,6.34,6.34
6.62,6.84,6.31,6.48
6.43,6.81,6.29,6.6
6.66,6.66,5.64,6.44
7.11,7.11,6.57,6.66
7.29,7.55,6.93,7.12
7.55,7.58,6.98,7.27
7.68,8.1,7.31,7.53
6.67,7.63,6.67,7.63
6.54,6.85,6.44,6.67
6.94,7.08,6.22,6.58
6.49,7.64,6.24,6.89
5.44,6.61,5.33,6.52
4.88,5.43,4.83,5.42
4.95,5.09,4.61,4.84
4.6,5.11,4.59,4.95
3.97,4.64,3.92,4.59
4.05,4.13,3.83,3.96
3.57,4.11,3.57,4.05
3.23,3.54,3.19,3.54
3.18,3.26,3.17,3.23
3.28,3.36,3.14,3.18
3.15,3.47,3.1,3.28
2.89,3.29,2.82,3.14
2.62,2.96,2.61,2.89
2.63,2.65,2.59,2.62
2.68,2.69,2.61,2.63
2.64,2.68,2.62,2.68
2.63,2.7,2.55,2.64
2.62,2.66,2.6,2.62
2.54,2.66,2.52,2.62
2.6,2.6,2.54,2.54
2.64,2.65,2.53,2.6
2.72,2.72,2.58,2.64
2.71,2.77,2.63,2.72
2.67,2.74,2.56,2.73
2.75,2.81,2.46,2.68
2.68,2.8,2.65,2.76
2.6,2.71,2.58,2.67
2.65,2.77,2.51,2.6
2.75,2.82,2.52,2.64
2.82,2.82,2.75,2.76
2.8,2.99,2.6,2.83
2.33,2.99,2.28,2.83
2.27,2.38,2.25,2.33
2.14,2.35,2.14,2.27
2.36,2.37,2.12,2.13
2.28,2.38,2.28,2.31
2.42,2.43,2.28,2.28
2.29,2.48,2.27,2.41
2.39,2.4,2.24,2.29
2.43,2.51,2.25,2.4
1.95,2.43,1.91,2.43
1.93,2.01,1.93,1.95
1.71,2,1.71,1.92
1.91,1.91,1.65,1.7
2.09,2.22,1.81,1.91
1.81,2.13,1.8,2.13
1.66,1.8,1.64,1.8
1.65,1.78,1.63,1.66
1.42,1.67,1.42,1.65
1.39,1.43,1.37,1.42
1.3,1.39,1.3,1.38
1.33,1.38,1.23,1.3
1.29,1.33,1.28,1.32
1.37,1.37,1.29,1.29
1.43,1.44,1.35,1.37
1.4,1.44,1.4,1.43
1.43,1.44,1.39,1.4
1.44,1.48,1.4,1.43
1.37,1.44,1.35,1.44
1.4,1.4,1.34,1.36
1.24,1.42,1.23,1.4
1.24,1.26,1.23,1.24
1.25,1.26,1.23,1.23
1.21,1.25,1.2,1.25
1.21,1.22,1.17,1.21
1.23,1.24,1.2,1.21
1.21,1.23,1.2,1.22
1.24,1.25,1.21,1.21
1.22,1.25,1.21,1.24
1.22,1.24,1.22,1.22
1.22,1.24,1.22,1.22
1.23,1.24,1.21,1.22
1.23,1.25,1.23,1.23
1.26,1.27,1.23,1.24
1.25,1.28,1.24,1.26
1.2,1.25,1.19,1.25
1.23,1.23,1.18,1.19
1.24,1.24,1.21,1.23
1.26,1.29,1.23,1.24
1.27,1.28,1.21,1.26
1.46,1.48,1.2,1.27
1.48,1.5,1.42,1.45
1.48,1.53,1.47,1.47
1.39,1.5,1.39,1.47
1.39,1.39,1.36,1.39
1.36,1.4,1.36,1.39
1.36,1.38,1.35,1.36
1.35,1.37,1.33,1.36
1.36,1.38,1.35,1.36
1.35,1.38,1.33,1.36
1.3,1.35,1.29,1.35
1.3,1.31,1.29,1.3
1.28,1.31,1.28,1.3
1.33,1.35,1.28,1.28
1.29,1.36,1.29,1.33
1.36,1.37,1.29,1.29
1.39,1.4,1.36,1.36
1.39,1.41,1.37,1.41
1.41,1.47,1.36,1.38
1.34,1.44,1.34,1.41
1.17,1.4,1.16,1.34
1.2,1.22,1.16,1.17
1.21,1.22,1.16,1.2
1.18,1.23,1.18,1.21
1.19,1.2,1.17,1.18
1.2,1.21,1.16,1.19
1.21,1.23,1.19,1.2
1.21,1.25,1.17,1.21
1.17,1.25,1.12,1.22
1.43,1.45,1.15,1.18
1.41,1.45,1.41,1.43
1.45,1.46,1.39,1.41
1.44,1.5,1.42,1.45
1.51,1.51,1.27,1.44
1.63,1.65,1.42,1.51
1.77,1.91,1.44,1.61
1.49,1.79,1.49,1.76
1.44,1.6,1.41,1.49
1.4,1.46,1.36,1.44
1.41,1.5,1.35,1.4
1.55,1.58,1.33,1.41
1.43,1.63,1.42,1.55
1.11,1.46,1.11,1.43
1.05,1.12,1.04,1.11
1.04,1.07,1.03,1.05
1.07,1.08,1.03,1.04
1.12,1.13,1.06,1.07
1.05,1.13,1.04,1.12
1.1,1.11,1.02,1.05
1.14,1.16,1.08,1.1
1.14,1.17,1.12,1.14
1.2,1.2,1.13,1.14
1.06,1.21,1.06,1.2
1.01,1.06,1.01,1.05
1.07,1.07,0.99188,1.01
1.08,1.09,1.04,1.07
0.992717,1.11,0.983595,1.08
0.983412,0.999941,0.960026,0.99484
0.909894,0.998996,0.909467,0.983316
0.93027,0.958333,0.899886,0.908797
0.8584,0.962086,0.857915,0.930446
0.809507,0.871926,0.802917,0.860004
0.817856,0.839118,0.798441,0.809223
0.824569,0.830944,0.80618,0.817662
0.78219,0.833355,0.773184,0.822794
0.839794,0.846754,0.743399,0.782294
0.768666,0.85635,0.755031,0.837907
0.772527,0.78778,0.753897,0.768952
0.80224,0.807527,0.769488,0.772839
0.767199,0.813424,0.736627,0.801643
0.747475,0.791416,0.746875,0.766635
0.748118,0.766068,0.744628,0.748166
0.759591,0.782389,0.721561,0.747909
0.777354,0.785192,0.75756,0.759313
0.781763,0.801659,0.773297,0.778122
0.840183,0.842262,0.781507,0.781978
0.771917,0.861533,0.763722,0.845464
0.815735,0.818415,0.736664,0.769668
0.837902,0.85043,0.808571,0.816454
0.850341,0.869077,0.838704,0.840367
0.858654,0.862085,0.844641,0.850297
0.86104,0.878762,0.854087,0.858533
0.869411,0.872324,0.85854,0.860979
0.892677,0.899389,0.869739,0.871999
0.909435,0.912217,0.891184,0.893229
0.925537,0.929437,0.907834,0.909567
0.891515,0.930568,0.883773,0.922699
0.900257,0.909434,0.886552,0.888597
0.910538,0.921815,0.902149,0.902412
0.917254,0.942472,0.902713,0.909944
0.923158,0.942383,0.897221,0.917606
0.913579,0.956011,0.898123,0.921264
0.941046,0.941046,0.90849,0.913514
0.930693,0.948537,0.923585,0.943784
0.986716,1,0.927765,0.927765
1.04,1.04,0.971174,0.982655
0.971074,1.06,0.9581,1.04
0.894031,1,0.891135,0.972006
0.887828,0.921573,0.882403,0.893556
0.88515,0.900933,0.876185,0.885256
0.901279,0.904825,0.870474,0.884664
0.93045,0.93045,0.897589,0.903216
0.890189,0.954583,0.885454,0.927473
0.94084,0.972594,0.872589,0.889612
0.995573,1,0.942647,0.942647
1.03,1.04,0.98783,0.995753
1.02,1.04,1.01,1.03
1.03,1.04,1.01,1.02
1.05,1.05,1.03,1.03
1.05,1.05,1.03,1.05
1.03,1.05,1.03,1.05
1.04,1.06,1.03,1.03
1.05,1.06,1.04,1.04
1.06,1.08,1.03,1.05
1.07,1.08,1.02,1.06
1.2,1.2,1.07,1.07
0.992743,1.21,0.990742,1.2
0.990989,0.998779,0.990081,0.992573
1.01,1.01,0.987065,0.991068
1.04,1.05,0.985671,1.01
1.1,1.1,1.01,1.04
1.15,1.17,1.09,1.1
1.17,1.17,1.15,1.15
1.18,1.19,1.17,1.17
1.17,1.2,1.16,1.18
1.17,1.18,1.15,1.17
1.19,1.19,1.16,1.17
1.16,1.23,1.16,1.19
1.19,1.2,1.16,1.16
1.19,1.22,1.17,1.19
1.19,1.22,1.19,1.19
1.26,1.26,1.17,1.19
1.27,1.27,1.24,1.26
1.25,1.29,1.22,1.27
1.2,1.27,1.2,1.25
1.2,1.21,1.17,1.2
1.21,1.22,1.2,1.2
1.25,1.25,1.21,1.21
1.24,1.25,1.22,1.25
1.25,1.29,1.22,1.24
1.22,1.33,1.13,1.25
1.24,1.26,1.22,1.22
1.27,1.28,1.24,1.25
1.32,1.33,1.28,1.28
1.32,1.35,1.32,1.32
1.32,1.33,1.3,1.32
1.28,1.34,1.27,1.32
1.29,1.31,1.27,1.28
1.29,1.31,1.25,1.29
1.32,1.33,1.29,1.29
1.34,1.35,1.31,1.32
1.42,1.43,1.33,1.34
1.4,1.45,1.39,1.42
1.42,1.43,1.37,1.4
1.48,1.51,1.44,1.44
1.47,1.48,1.44,1.48
1.46,1.51,1.44,1.47
1.46,1.53,1.43,1.45
1.34,1.46,1.32,1.46
1.4,1.4,1.32,1.34
1.46,1.48,1.37,1.39
1.19,1.49,1.17,1.44
1.24,1.28,1.17,1.18
1.26,1.31,1.15,1.24
1.32,1.34,1.23,1.26
1.35,1.36,1.29,1.32
1.44,1.46,1.35,1.35
1.37,1.47,1.31,1.44
1.44,1.45,1.26,1.37
1.61,1.64,1.44,1.44
1.67,1.68,1.56,1.6
1.73,1.74,1.62,1.67
1.75,1.77,1.7,1.72
1.78,1.78,1.68,1.74
1.68,1.81,1.61,1.79
1.74,1.78,1.65,1.69
1.86,1.87,1.72,1.74
1.87,1.9,1.8,1.86
1.93,2,1.83,1.86
1.87,1.98,1.87,1.93
1.86,1.93,1.82,1.87
1.84,2.09,1.8,1.85
1.72,1.96,1.59,1.85
1.94,2.04,1.64,1.71
2.17,2.22,1.79,1.95
2.16,2.38,2.05,2.19
2.7,2.74,2.06,2.15
2.59,2.86,2.57,2.7
2.35,2.6,2.28,2.59
2.59,2.76,2.1,2.34
2.78,3.2,2.36,2.6
2.36,3.53,2.31,2.76
1.79,2.34,1.78,2.34
1.57,1.91,1.56,1.8
1.66,1.71,1.55,1.57
1.71,1.8,1.55,1.64
1.56,1.92,1.37,1.73
2.46,2.46,1.26,1.6
0.604737,2.85,0.600358,2.55
0.931993,0.932862,0.452446,0.602402
0.752345,0.959354,0.737342,0.928814
